{
  "grants": [
    {
      "id": "ic-design-advanced-development",
      "計畫名稱": "驅動國內IC設計業者先進發展補助計畫",
      "補助類別": "創新研發",
      "子分類": "半導體技術",
      "補助重點": "發展可促進百工百業轉型之創新優勢晶片，優先支持：無人機、機器人、衛星通訊等國家重點領域",
      "補助對象": [
        "國內IC設計業者、系統業者（可單一或聯合申請）",
        "聯合申請須由IC設計業者主導",
        "本國公司、淨值為正值、非陸資企業"
      ],
      "補助金額": "優勢晶片開發每案上限2億元，核心晶片與系統開發每案上限3億元",
      "補助比例上限": "50%",
      "計畫時程": "計畫期程不超過3年",
      "主辦單位": "經濟部",
      "參考資料": [
        {
          "text": "計畫官網",
          "url": "https://eii.nat.gov.tw/tiip/news_page.php?m=1&pk=1121"
        },
        {
          "text": "申請須知",
          "url": "https://eii.nat.gov.tw/tiip/FilesSummernote/News/files/%E9%A9%85%E5%8B%95%E5%9C%8B%E5%85%A7IC%E8%A8%AD%E8%A8%88%E6%A5%AD%E8%80%85%E5%85%88%E9%80%B2%E7%99%BC%E5%B1%95%E8%A3%9C%E5%8A%A9%E8%A8%88%E7%95%AB_%E7%94%B3%E8%AB%8B%E9%A0%88%E7%9F%A5(2).pdf"
        }
      ],
      "企業規模": ["中小企業", "大型企業"],
      "金額分類": "無上限補助",
      "主辦機關分類": "經濟部"
    },
    {
      "id": "ai-central-kitchen",
      "計畫名稱": "115年度智慧雨林產業創生計畫－AI中央廚房（智慧商業服務領域）",
      "補助類別": "數位轉型",
      "子分類": "AI智慧化",
      "補助重點": "AI技術應用導入（需求預測、流程自動化、食材檢測、影像辨識）、產學研跨域合作、美食IP化與品牌推廣",
      "補助對象": [
        "中央廚房營運業者（主提案）＋大專校院＋資服業者（三方協作）",
        "計畫場域須位於嘉義、臺南、高雄或屏東",
        "公司淨值為正值",
        "適用產業：餐飲業(I56)、冷凍調理食品批發業(G4544)、食品製造業(C08)"
      ],
      "補助金額": "中央廚房營運業者每年度上限3000萬元，大專校院每年度上限500萬元",
      "補助比例上限": "50%",
      "計畫時程": "申請截止：2026/1/20，兩年期計畫（逐年審查）",
      "主辦單位": "經濟部商業發展署、國家科學及技術委員會",
      "參考資料": [
        {
          "text": "計畫官網",
          "url": "https://www.moea.gov.tw/MNS/populace/news/News.aspx?kind=2&menu_id=41&news_id=121282"
        },
        {
          "text": "申請須知",
          "url": "https://www.moea.gov.tw/MNS/populace/news/wHandNews_File.ashx?file_id=122318"
        },
        {
          "text": "申請須知(備用連結)",
          "url": "https://reurl.cc/GGALRh"
        }
      ],
      "企業規模": ["中小企業", "大型企業"],
      "金額分類": "超大額補助",
      "主辦機關分類": "經濟部"
    },
    {
      "id": "smart-rainforest-manufacturing-demo",
      "計畫名稱": "115年度智慧雨林產業創生計畫-智慧製造領域【示範案補助】",
      "補助類別": "數位轉型",
      "子分類": "智慧製造",
      "補助重點": "協助製造業導入AI應用（智能管理、智慧製程、品質監控），推動智慧化、自主化、互聯化發展",
      "補助對象": [
        "製造業者（主提案）＋大專校院＋資服業者（三方共同提案）",
        "製造業場域須位於嘉義、臺南、高雄或屏東",
        "限中小企業（資本額≦1億元或員工<200人）"
      ],
      "補助金額": "製造業者最高500萬元，大專校院最高500萬元，資服業者最高150萬元",
      "補助比例上限": "50%",
      "計畫時程": "申請截止：2026/1/20，執行期間：核定公告起至2026/11/20",
      "主辦單位": "經濟部中小及新創企業署",
      "參考資料": [
        {
          "text": "計畫官網",
          "url": "https://startup.sme.gov.tw/SIRIRP/"
        },
        {
          "text": "經濟部公告",
          "url": "https://www.moea.gov.tw/MNS/populace/news/News.aspx?kind=2&menu_id=41&news_id=121279"
        },
        {
          "text": "申請須知",
          "url": "https://www.moea.gov.tw/MNS/populace/news/wHandNews_File.ashx?file_id=122461"
        }
      ],
      "企業規模": ["中小企業"],
      "金額分類": "中額補助",
      "主辦機關分類": "經濟部"
    },
    {
      "id": "smart-rainforest-manufacturing-theme",
      "計畫名稱": "115年度智慧雨林產業創生計畫-智慧製造領域【主題案補助】",
      "補助類別": "數位轉型",
      "子分類": "智慧製造",
      "補助重點": "協助製造業導入AI應用（智能管理、智慧製程、品質監控），推動智慧化、自主化、互聯化發展",
      "補助對象": [
        "製造業者（主提案）＋大專校院＋資服業者（三方共同提案）",
        "製造業場域須位於嘉義、臺南、高雄或屏東",
        "不限企業規模"
      ],
      "補助金額": "製造業者1000萬～2000萬元，大專校院最高500萬元，資服業者最高150萬元",
      "補助比例上限": "50%",
      "計畫時程": "申請截止：2026/1/20，執行期間：核定公告起至2026/11/20",
      "主辦單位": "經濟部中小及新創企業署",
      "參考資料": [
        {
          "text": "計畫官網",
          "url": "https://startup.sme.gov.tw/SIRIRP/"
        },
        {
          "text": "經濟部公告",
          "url": "https://www.moea.gov.tw/MNS/populace/news/News.aspx?kind=2&menu_id=41&news_id=121279"
        },
        {
          "text": "申請須知",
          "url": "https://www.moea.gov.tw/MNS/populace/news/wHandNews_File.ashx?file_id=122461"
        }
      ],
      "企業規模": ["中小企業", "大型企業"],
      "金額分類": "超大額補助",
      "主辦機關分類": "經濟部"
    },
    {
      "id": "siir-service-innovation",
      "計畫名稱": "115年度服務業創新研發計畫（SIIR）",
      "補助類別": "數位轉型",
      "子分類": "服務業創新",
      "補助重點": "智慧化：AI、5G、IoT、區塊鏈、XR等前瞻科技應用；低碳化：循環經濟、ESG、淨零永續商業模式",
      "補助對象": [
        "依公司法、有限合夥法或商業登記法設立之本國公司、有限合夥或商業",
        "淨值為正值、非銀行拒絕往來戶",
        "創新應用領域：流通服務、餐飲服務、設計服務、生活服務、休憩服務、運動服務"
      ],
      "補助金額": "個別創新150萬元（運動服務200萬元）、合作創新500萬元（運動服務700萬元）、國際化進階創新：個別500萬/合作1000萬元（運動服務：個別600萬/合作1200萬元）",
      "補助比例上限": "50%",
      "計畫時程": "第一梯次：即日起至2026/1/30，第二梯次：預計2026/5/1至6/30",
      "主辦單位": "經濟部商業發展署、運動部",
      "參考資料": [
        {
          "text": "計畫官網",
          "url": "https://gcis.nat.gov.tw/neo-s/Web/News_Content.aspx?p=efc32b1e-d3e8-44b3-88b4-af62e0c6ca1c"
        },
        {
          "text": "申請須知",
          "url": "https://drive.google.com/file/d/1rAfcoIQFXOoQZRFmFkd2L4O7yPuzEmDw/view"
        }
      ],
      "企業規模": ["中小企業", "大型企業"],
      "金額分類": "大額補助",
      "主辦機關分類": "經濟部"
    },
    {
      "id": "rd-transformation-individual",
      "計畫名稱": "研發轉型支持(個案補助)",
      "補助類別": "數位轉型",
      "子分類": "AI智慧化",
      "補助重點": "支持企業進行AI、IoT、大數據等新興技術研發，促進產業數位轉型",
      "補助對象": [
        "中小型製造業依法設立登記之公司",
        "實收資本額小於1億或員工人數少於200人",
        "具備相關技術研發能力"
      ],
      "補助金額": "最高500萬元",
      "補助比例上限": "50%",
      "計畫時程": "2025/8/7~12/31(或經費用罄為止)",
      "主辦單位": "經濟部產業發展署",
      "參考資料": [
        {
          "text": "因應美國關稅，我國出口供應鏈支持方案",
          "url": "https://assist.nat.gov.tw/wSite/ct?xItem=284983&ctNode=254&mp=2&xPublic="
        },
        {
          "text": "申請須知",
          "url": "https://citd.ekm.org.tw/IOMD2/Web/Download/%E6%8F%90%E5%8D%87%E7%94%A2%E6%A5%AD%E7%AB%B6%E7%88%AD%E5%8A%9B-%E7%A0%94%E7%99%BC%E8%BD%89%E5%9E%8B%E6%94%AF%E6%8C%81(%E7%94%B3%E8%AB%8B%E9%A0%88%E7%9F%A5).pdf"
        }
      ],
      "企業規模": ["中小企業"],
      "金額分類": "中額補助",
      "主辦機關分類": "經濟部"
    },
    {
      "id": "rd-transformation-alliance",
      "計畫名稱": "研發轉型支持(產業聯盟)",
      "補助類別": "數位轉型",
      "子分類": "AI智慧化",
      "補助重點": "整合產業鏈上下游，共同投入AI技術研發與應用，建立產業生態系",
      "補助對象": [
        "製造業，受美國關稅政策影響",
        "優先支持: 購置全新國產設備",
        "優先支持: 與臺灣資服業者合作運用 AI 技術發展智慧化解決方案者"
      ],
      "補助金額": "最高4000萬元",
      "補助比例上限": "50%",
      "計畫時程": "2025/8/7~12/31(或經費用罄為止)",
      "主辦單位": "經濟部產業發展署",
      "參考資料": [
        {
          "text": "因應美國關稅，我國出口供應鏈支持方案",
          "url": "https://assist.nat.gov.tw/wSite/ct?xItem=284983&ctNode=254&mp=2&xPublic="
        },
        {
          "text": "申請須知",
          "url": "https://eii.nat.gov.tw/tiip-net/file/%E7%94%B3%E8%AB%8B%E9%A0%88%E7%9F%A5v18_0808_0900.pdf"
        }
      ],
      "企業規模": ["中小企業", "大型企業"],
      "金額分類": "超大額補助",
      "主辦機關分類": "經濟部"
    },
    {
      "id": "citd-traditional-industry",
      "計畫名稱": "115年度協助傳統產業技術開發計畫（CITD）",
      "補助類別": "創新研發",
      "子分類": "傳統產業升級",
      "補助重點": "開發超越目前國內同業一般技術水準之新產品，提升產品附加價值",
      "補助對象": [
        "製造業（須辦理工廠登記）",
        "技術服務業（自動化、資訊、設計、管理顧問、研發、檢驗認證等）",
        "淨值為正值、非銀行拒絕往來戶、非陸資企業"
      ],
      "補助金額": "產品開發每案200萬元，研發聯盟每案1000萬元（主導業者500萬，其餘成員每家200萬），卓越/潛力中堅企業另加碼核定金額10%",
      "補助比例上限": "50%",
      "計畫時程": "執行期間：公告受理截止日之次日起至2026年11月30日止",
      "主辦單位": "經濟部產業發展署",
      "參考資料": [
        {
          "text": "計畫官網",
          "url": "https://keid.nat.gov.tw/citdweb/citd"
        },
        {
          "text": "申請須知",
          "url": "https://keid.nat.gov.tw/citdweb/citd/download1"
        }
      ],
      "企業規模": ["中小企業", "大型企業"],
      "金額分類": "超大額補助",
      "主辦機關分類": "經濟部"
    },
    {
      "id": "taiwan-brand-manufacturing",
      "計畫名稱": "台灣品牌耀飛計畫(中小型製造業品牌診斷專案)",
      "補助類別": "數位轉型",
      "子分類": "品牌數位化",
      "補助重點": "品牌基盤輔導：市場機會洞察、品牌定位；品牌主題輔導：品牌數位賦能(數位行銷、數據分析)、企業永續發展",
      "補助對象": [
        "有自有品牌之中小型製造業",
        "員工人數200人以下",
        "品牌為台灣企業所擁有，且商標已在台灣註冊",
        "實收資本額1億元以下"
      ],
      "補助金額": "最高60萬元",
      "補助比例上限": "50%",
      "計畫時程": "每年2-11月受理",
      "主辦單位": "經濟部產業發展署",
      "參考資料": [
        {
          "text": "計畫官網",
          "url": "https://keid.nat.gov.tw/branding-taiwan/"
        },
        {
          "text": "品牌診斷",
          "url": "https://keid.nat.gov.tw/brand-evaluation/"
        }
      ],
      "企業規模": ["中小企業"],
      "金額分類": "小額補助",
      "主辦機關分類": "經濟部"
    },
    {
      "id": "digital-fandb-industry-demo",
      "計畫名稱": "智慧雨林產業創生補助計畫-智慧餐飲領域【示範案補助】",
      "補助類別": "數位轉型",
      "子分類": "AI智慧化",
      "補助重點": "以AI技術驅動餐飲產業智慧數位轉型，提升區域競爭力",
      "補助對象": [
        "由餐飲業者及大專校院聯合資服業者共同提案",
        "餐飲業者為主要提案者",
        "計畫場域應位於嘉義、臺南、高雄、屏東"
      ],
      "補助金額": "最高500萬元(餐飲業者)",
      "補助比例上限": "50%",
      "計畫時程": "即日起至2026/1/20",
      "主辦單位": "經濟部商業發展署",
      "參考資料": [
        {
          "text": "計畫官網",
          "url": "https://www.aoc.gov.tw/showPublic/366"
        },
        {
          "text": "申請須知",
          "url": "https://www.aoc.gov.tw/showPublicAttach/1"
        }
      ],
      "企業規模": ["中小企業"],
      "金額分類": "中額補助",
      "主辦機關分類": "經濟部"
    },
    {
      "id": "digital-fandb-expand",
      "計畫名稱": "智慧雨林產業創生補助計畫-智慧餐飲領域【擴散案補助】",
      "補助類別": "數位轉型",
      "子分類": "AI智慧化",
      "補助重點": "以AI技術驅動餐飲產業智慧數位轉型，促進創新商業模式，形成具擴散性的AI產業生態系",
      "補助對象": [
        "由資服業者提案",
        "導入位於嘉義、臺南、高雄、屏東的餐飲業者"
      ],
      "補助金額": "最高180萬元",
      "補助比例上限": "導入至多 50 家門市，每家補助 3.6 萬",
      "計畫時程": "2026預計為智慧零售",
      "主辦單位": "經濟部商業發展署",
      "參考資料": [
        {
          "text": "計畫官網",
          "url": "https://www.aoc.gov.tw/showPublic/381"
        }
      ],
      "企業規模": ["中小企業"],
      "金額分類": "中額補助",
      "主辦機關分類": "經濟部"
    },
    {
      "id": "business-value",
      "計畫名稱": "商業服務業數據驅動價值創造計畫",
      "補助類別": "數位轉型",
      "子分類": "AI智慧化",
      "補助重點": "運用AI、大數據等新興科技，結合低碳永續理念及商業數據分析，發展創新且永續的商業模式，進而拓展國際市場",
      "補助對象": [
        "提案廠商應為商業服務業",
        "含批發、零售、物流、餐飲、休憩服務、生活服務業",
        "資訊服務業者不得擔任提案廠商，可為合作廠商成員"
      ],
      "補助金額": "最高600萬元",
      "補助比例上限": "50%",
      "計畫時程": "預計26Q2公告",
      "主辦單位": "經濟部商業發展署",
      "參考資料": [
        {
          "text": "計畫官網",
          "url": "https://www.smebiz.org.tw/news.php?nid=166"
        },
        {
          "text": "申請須知",
          "url": "https://www.smebiz.org.tw/download.php"
        }
      ],
      "企業規模": ["中小企業"],
      "金額分類": "中額補助",
      "主辦機關分類": "經濟部"
    },
    {
      "id": "smart-rainforest-commerce-theme",
      "計畫名稱": "115 年度智慧雨林產業創生計畫-智慧商業服務領域【主題案補助】",
      "補助類別": "數位轉型",
      "子分類": "AI智慧化",
      "補助重點": "聚焦餐飲、旅宿、休閒設施與大型宴會等智慧化應用，包含兩大應用範疇：(1)餐飲/旅宿機器人智慧整合、(2)複合型服務場域智慧整合",
      "補助對象": [
        "由商業服務業者及大專校院聯合資服業者共同提案，以商業服務業者為主要提案者",
        "計畫場域應位於嘉義、臺南、高雄、屏東",
        "商業服務業者，非銀行行控股母公司，淨值為正、非陸資，且導入或申投資料/服務之場域應位於嘉義、臺南、高雄、屏東",
        "大專校院：須為國科會之協助機構，計畫主持人須符合計畫規定",
        "資服業者：稅籍符合J582(軟體出版業)、J61(電信業)、J62(電腦程式設計、諮詢及相關服務業)及J63(資訊服務業)"
      ],
      "補助金額": "商業服務業者：最高補助50%，上限NT$2000萬；主題(1)上限NT$1000萬，主題(2)上限NT$1000萬；大專校院：上限$500萬；資服業者：最高補助50%，上限NT$150萬",
      "補助比例上限": "50%",
      "計畫時程": "2025/12/3~2026/1/20",
      "主辦單位": "經濟部商業發展署國家科學及技術委員會",
      "參考資料": [
        {
          "text": "計畫官網",
          "url": "https://aihc.org.tw/"
        },
        {
          "text": "申請須知",
          "url": "https://www.moea.gov.tw/MNS/populace/news/wHandNews_File.ashx?file_id=122293"
        }
      ],
      "企業規模": ["中小企業"],
      "金額分類": "超大額補助",
      "主辦機關分類": "經濟部"
    },
    {
      "id": "smart-rainforest-commerce-demo",
      "計畫名稱": "115 年度智慧雨林產業創生計畫-智慧商業服務領域【示範案補助】",
      "補助類別": "數位轉型",
      "子分類": "AI智慧化",
      "補助重點": "至少導入 2 項 AI 加值應用，AI 解決方案應結合既有資訊平台，進行系統整合與資料串接，並促進不同 AI 解決方案之協作運用，且 AI 解決方案具產業共同性與擴散性",
      "補助對象": [
        "由商業服務業者及大專校院聯合資服業者共同提案，以商業服務業者為主要提案者",
        "計畫場域應位於嘉義、臺南、高雄、屏東",
        "商業服務業者，非銀行行控股母公司，淨值為正、非陸資，且導入或申投資料/服務之場域應位於嘉義、臺南、高雄、屏東",
        "大專校院：須為國科會之協助機構，計畫主持人須符合計畫規定",
        "資服業者：稅籍符合J582(軟體出版業)、J61(電信業)、J62(電腦程式設計、諮詢及相關服務業)及J63(資訊服務業)"
      ],
      "補助金額": "商業服務業者：最高補助50%，上限NT$500萬；資服業者：最高補助50%，上限NT$150萬；大專校院：由提案業者共同負擔計畫費用出申請，依實際結果由國科會補助，上限$500萬",
      "補助比例上限": "50%",
      "計畫時程": "2025/12/3~2026/1/20",
      "主辦單位": "經濟部商業發展署國家科學及技術委員會",
      "參考資料": [
        {
          "text": "計畫官網",
          "url": "https://aihc.org.tw/"
        },
        {
          "text": "申請須知",
          "url": "https://www.moea.gov.tw/MNS/populace/news/wHandNews_File.ashx?file_id=122293"
        }
      ],
      "企業規模": ["中小企業"],
      "金額分類": "中額補助",
      "主辦機關分類": "經濟部"
    },
    {
      "id": "taipei-siti-industry",
      "計畫名稱": "SITI 臺北市產業展獎勵補助計畫",
      "補助類別": "創新研發",
      "子分類": "新創企業",
      "補助重點": "鼓勵新創企業投入創新研發，提升競爭力",
      "補助對象": [
        "台北市新設立1年之內新創事業>>創業補助",
        "台北市新設立1年以上之公司/國外分公司>>研發/品牌補助"
      ],
      "補助金額": "最高1500萬元",
      "補助比例上限": "50%",
      "計畫時程": "隨到隨審",
      "主辦單位": "台北市政府產業發展局",
      "參考資料": [
        {
          "text": "計畫官網",
          "url": "https://www.industry-incentive.taipei/"
        }
      ],
      "企業規模": ["新創企業"],
      "金額分類": "大額補助",
      "主辦機關分類": "地方政府"
    },
    {
      "id": "digital-cloud-service-rd",
      "計畫名稱": "數位雲服務研發補助計畫",
      "補助類別": "創新研發",
      "子分類": "雲端服務",
      "補助重點": "於公有雲上開發各產業領域數位轉型需要的 SaaS服務或 PaaS+SaaS服務",
      "補助對象": [
        "軟體出版、電腦程式設計、資訊服務業者",
        "具備雲端技術開發能力",
        "財政部稅務行業 (9th版)須為J582、J62、J63"
      ],
      "補助金額": "最高2000萬元",
      "補助比例上限": "50%",
      "計畫時程": "預計26Q2公告",
      "主辦單位": "數位發展部",
      "參考資料": [
        {
          "text": "計畫公告",
          "url": "https://www.ecos.org.tw/news-co.php?keyValue=fkaRrp0E2rFGsIioOl4utg%3D%3D"
        },
        {
          "text": "計畫官網",
          "url": "https://digiplus.adi.gov.tw/news_new.html"
        }
      ],
      "企業規模": ["中小企業"],
      "金額分類": "超大額補助",
      "主辦機關分類": "數位發展部"
    },
    {
      "id": "digital-service-innovation",
      "計畫名稱": "數位服務創新補助計畫",
      "補助類別": "創新研發",
      "子分類": "雲端服務",
      "補助重點": "五項主題擇一:前瞻技術開發、企業營用應用、終端消費應用、永續社會應用、AI 驅動數位服務",
      "補助對象": [
        "軟體出版、電腦程式設計、資訊服務業者",
        "具備雲端技術開發能力",
        "財政部稅務行業 (9th版)須為J582、J62、J63"
      ],
      "補助金額": "最高1500萬元",
      "補助比例上限": "50%",
      "計畫時程": "2025/9/1~10/9",
      "主辦單位": "數位發展部",
      "參考資料": [
        {
          "text": "申請須知",
          "url": "https://digiplus.adi.gov.tw/api/v1/contentDownload/file?id=889DE52B-EF0E-443D-B096-91E20A1DE86E&fname=114%E5%B9%B4%E5%BA%A6%E6%95%B8%E4%BD%8D%E6%9C%8D%E5%8B%99%E5%89%B5%E6%96%B0%E8%A3%9C%E5%8A%A9%E8%A8%88%E7%95%AB_%E7%94%B3%E8%AB%8B%E9%A0%88%E7%9F%A5.pdf"
        },
        {
          "text": "計畫官網",
          "url": "https://digiplus.adi.gov.tw/plan_detail.html?id=3697ED39-F172-42FE-BAEA-ACEE967D58DE"
        }
      ],
      "企業規模": ["中小企業"],
      "金額分類": "大額補助",
      "主辦機關分類": "數位發展部"
    },
    {
      "id": "siti-taipei-ai-innovation",
      "計畫名稱": "SITI 台北市主題式研發: AI 創新應用",
      "補助類別": "創新研發",
      "子分類": "前瞻技術",
      "補助重點": "開發更高效、精準的AI智慧化創新應用產品或服務與解決方案",
      "補助對象": [
        "台北市新設立1年以上之公司/國外分公司"
      ],
      "補助金額": "最高200萬元",
      "補助比例上限": "50%",
      "計畫時程": "2025/10/15~11/14",
      "主辦單位": "台北市政府產業發展局",
      "參考資料": [
        {
          "text": "SITI公告網頁",
          "url": "https://industry-incentive.taipei/"
        },
        {
          "text": "AI主題式研發公告",
          "url": "https://drive.google.com/file/d/1QQlytyE2-83mdtL8QzVuVHxKZaRry8tD/view"
        }
      ],
      "企業規模": ["中小企業"],
      "金額分類": "中額補助",
      "主辦機關分類": "地方政府"
    },
    {
      "id": "sbir-cross-domain-rd",
      "計畫名稱": "SBIR 推動跨域研發引領中小企業升級轉型計畫",
      "補助類別": "創新研發",
      "子分類": "中小企業研發",
      "補助重點": "鼓勵中小企業進行跨域創新研發，促進產業升級轉型",
      "補助對象": [
        "至少3家(含)以上中小企業共同組成聯盟申請",
        "員工人數200人以下",
        "實收資本額1億元以下"
      ],
      "補助金額": "最高700萬元",
      "補助比例上限": "50%",
      "計畫時程": "2025/10/20~12/9",
      "主辦單位": "經濟部中小及新創企業署",
      "參考資料": [
        {
          "text": "官網公告",
          "url": "https://www.sbir.org.tw/cross/info"
        },
        {
          "text": "申請須知",
          "url": "https://www.sbir.org.tw/download/home/114%E6%8E%A8%E5%8B%95%E8%B7%A8%E5%9F%9F%E7%A0%94%E7%99%BC%E5%BC%95%E9%A0%98%E4%B8%AD%E5%B0%8F%E4%BC%81%E6%A5%AD%E5%8D%87%E7%B4%9A%E8%BD%89%E5%9E%8B%E8%A8%88%E7%95%AB-%E7%94%B3%E8%AB%8B%E9%A0%88%E7%9F%A5a72jar.pdf"
        },
        {
          "text": "計畫懶人包",
          "url": "https://www.sbir.org.tw/download/home/114%E5%B9%B4%E5%BA%A6%E4%BC%81%E6%A5%AD%E8%B7%A8%E5%9F%9F%E7%A0%94%E7%99%BC%E8%A3%9C%E5%8A%A9%E6%87%B6%E4%BA%BA%E5%8C%857eB5S3.pdf"
        },
        {
          "text": "說明會簡報",
          "url": "https://www.sbir.org.tw/download/home/%E8%B7%A8%E5%9F%9F%E7%A0%94%E7%99%BC%E8%81%AF%E7%9B%9F%E8%A3%9C%E5%8A%A9%E7%94%B3%E8%AB%8B%E8%AA%AA%E6%98%8EfusmXjx.pdf"
        },
        {
          "text": "申請計畫常見問題",
          "url": "https://www.sbir.org.tw/download/home/%E4%BC%81%E6%A5%AD%E8%B7%A8%E5%9F%9F%E7%A0%94%E7%99%BC%E8%A3%9C%E5%8A%A9FAQSCkSjU.pdf"
        }
      ],
      "企業規模": ["中小企業"],
      "金額分類": "中額補助",
      "主辦機關分類": "經濟部"
    },
    {
      "id": "sbir-sme-innovation-rd",
      "計畫名稱": "SBIR 經濟部中小企業處小型企業創新研發計畫",
      "補助類別": "創新研發",
      "子分類": "中小企業研發",
      "補助重點": "支持中小企業投入創新技術研發，提升技術能力與競爭力",
      "補助對象": [
        "中小企業(電子/資通/機械/民生化工/生技製藥/服務業)",
        "員工人數200人以下",
        "實收資本額1億元以下"
      ],
      "補助金額": "最高3000萬元",
      "補助比例上限": "50%",
      "計畫時程": "隨到隨審",
      "主辦單位": "經濟部中小及新創企業署",
      "參考資料": [
        {
          "text": "中央型SBIR計畫書範本",
          "url": "https://www.sbir.org.tw/sbir/info"
        },
        {
          "text": "地方型SBIR官網",
          "url": "https://www.sbir.org.tw/project/introLocal"
        }
      ],
      "企業規模": ["中小企業"],
      "金額分類": "超大額補助",
      "主辦機關分類": "經濟部"
    },
    {
      "id": "tiip-industry-upgrade",
      "計畫名稱": "TIIP 產業升級創新平台輔導計畫",
      "補助類別": "創新研發",
      "子分類": "產業升級",
      "補助重點": "建立產業創新平台，整合產學研資源，推動產業整體升級",
      "補助對象": [
        "企業(新興科技產業)",
        "法人",
        "學界(需由企業主導)"
      ],
      "補助金額": "無上限",
      "補助比例上限": "40%",
      "計畫時程": "隨到隨審",
      "主辦單位": "經濟部產業發展署 TIIP 產業升級創新平台",
      "參考資料": [
        {
          "text": "計畫官網",
          "url": "https://tiip.itnet.org.tw/index.php"
        },
        {
          "text": "產業高值-申請須知",
          "url": "https://tiip.itnet.org.tw/dfile.php?kind=download&id=640"
        },
        {
          "text": "創新優化-申請須知",
          "url": "https://tiip.itnet.org.tw/dfile.php?kind=download&id=641"
        },
        {
          "text": "新興育成-申請須知",
          "url": "https://tiip.itnet.org.tw/dfile.php?kind=download&id=382"
        },
        {
          "text": "主題式計畫公告",
          "url": "https://tiip.itnet.org.tw/news_list.php?m=1"
        }
      ],
      "企業規模": ["中小企業", "大型企業"],
      "金額分類": "無上限補助",
      "主辦機關分類": "經濟部"
    },
    {
      "id": "a-plus-enterprise-rd",
      "計畫名稱": "A+企業創新研發淬鍊計畫",
      "補助類別": "創新研發",
      "子分類": "前瞻技術",
      "補助重點": "支持具備創新能力的企業投入前瞻技術研發，建立核心競爭優勢",
      "補助對象": [
        "規劃與開發創新前瞻技術之企業或研究機構"
      ],
      "補助金額": "無上限",
      "補助比例上限": "50%",
      "計畫時程": "隨到隨審",
      "主辦單位": "經濟部產業技術司 A+企業創新專案辦公室",
      "參考資料": [
        {
          "text": "計畫官網",
          "url": "https://service.moea.gov.tw/EE514/tw/aiip"
        },
        {
          "text": "計畫說明簡報",
          "url": "https://service.moea.gov.tw/EE514/tw/aiip"
        }
      ],
      "企業規模": ["大型企業"],
      "金額分類": "無上限補助",
      "主辦機關分類": "經濟部"
    },
    {
      "id": "asia-2-ai",
      "計畫名稱": "亞灣2.0 AI 高值研發聚落補助計畫",
      "補助類別": "創新研發",
      "子分類": "前瞻技術",
      "補助重點": "AI 業者落地高雄亞灣，開發共通型平台並導入產業 AI 應用",
      "補助對象": [
        "由 1 家或多家企業提出",
        "主導企業行業別登記26、27、61、62、63"
      ],
      "補助金額": "無上限",
      "補助比例上限": "50%",
      "計畫時程": "2025/9/17 ~ 10/20",
      "主辦單位": "經濟部產業發展署",
      "參考資料": [
        {
          "text": "計畫官網",
          "url": "https://tiip.itnet.org.tw/news_page.php?m=1&pk=1112"
        },
        {
          "text": "申請須知",
          "url": "https://tiip.itnet.org.tw/FilesSummernote/News/files/%E4%BA%9E%E7%81%A32_0%20AI%E9%AB%98%E5%80%BC%E7%A0%94%E7%99%BC%E8%81%9A%E8%90%BD%E8%A3%9C%E5%8A%A9%E8%A8%88%E7%95%AB-%E7%94%B3%E8%AB%8B%E9%A0%88%E7%9F%A5.pdf"
        }
      ],
      "企業規模": ["大型企業"],
      "金額分類": "無上限補助",
      "主辦機關分類": "經濟部"
    },
    {
      "id": "a-plus-ai-jump",
      "計畫名稱": "A+ 企業創新研發淬鍊計畫- AI應用躍昇計畫",
      "補助類別": "創新研發",
      "子分類": "前瞻技術",
      "補助重點": "開發或承接自主AI模型/演算法、AI運算平台與資安防護功能，需具備核心IP布局，每家試導入天數> 45天(結案內完成)，建立產業AI化的示範案例",
      "補助對象": [
        "聚焦關鍵產業 (半導體製造、精密機械、醫療照護、電子組裝、零售流通、化工與塑膠、金屬與五金加工、農業與食品加工)，由 1 家或多家企業聯合提出"
      ],
      "補助金額": "最高3000萬元",
      "補助比例上限": "50%",
      "計畫時程": "2025/8/19~12/31",
      "主辦單位": "經濟部產業技術司 A+企業創新專案辦公室",
      "參考資料": [
        {
          "text": "計畫官網",
          "url": "https://service.moea.gov.tw/EE514/tw/aiip/50-6753.html"
        },
        {
          "text": "申請須知",
          "url": "https://www.moea.gov.tw/MNS/populace/news/wHandNews_File.ashx?file_id=121068"
        }
      ],
      "企業規模": ["大型企業"],
      "金額分類": "超大額補助",
      "主辦機關分類": "經濟部"
    },
    {
      "id": "smart-rainforest-healthcare-theme",
      "計畫名稱": "115 年度智慧雨林產業創生計畫-健康照護領域【主題案補助】",
      "補助類別": "創新研發",
      "子分類": "前瞻技術",
      "補助重點": "須運用 AI 及通傳技術或非接觸式偵測技術，打造符合選擇提案之 AI 加值解決方案(技術精進或產品優化)",
      "補助對象": [
        "由單一或多家資/通訊服務業者共同合作規劃，淨值為正、非陸資，且導入或申投資料/服務之場域應位於嘉義、臺南、高雄、屏東",
        "稅籍符合J582(軟體出版業)、J61(電信業)、J62(電腦程式設計、諮詢及相關服務業)及J63(資訊服務業)"
      ],
      "補助金額": "資/通訊服務業者：最高補助50%，上限NT$1500萬(應至少申請 2 年，惟第一年必須項得地之階段性成果，經審查通過後第二年能延續)；大專校院：上限$500萬",
      "補助比例上限": "50%",
      "計畫時程": "2025/12/3~2026/1/20",
      "主辦單位": "經濟部商業發展署國家科學及技術委員會",
      "參考資料": [
        {
          "text": "計畫官網",
          "url": "https://aihc.org.tw/"
        },
        {
          "text": "申請須知",
          "url": "https://aihc.org.tw/download/1/"
        }
      ],
      "企業規模": ["中小企業"],
      "金額分類": "大額補助",
      "主辦機關分類": "經濟部"
    },
    {
      "id": "smart-rainforest-healthcare-demo",
      "計畫名稱": "115 年度智慧雨林產業創生計畫-健康照護領域【示範案補助】",
      "補助類別": "創新研發",
      "子分類": "前瞻技術",
      "補助重點": "須鎖定 14 家健康照護場域，運用 AI 及通訊傳輸技術或非接觸式偵測技術，於各家場域導入 2 項(含)以上 AI 及通訊傳輸技術之功能，以打造具備資料整合或數位雙生等應用",
      "補助對象": [
        "由單一或多家資/通訊服務業者共同合作規劃，淨值為正、非陸資，且導入或申投資料/服務之場域應位於嘉義、臺南、高雄、屏東",
        "稅籍符合J582(軟體出版業)、J61(電信業)、J62(電腦程式設計、諮詢及相關服務業)及J63(資訊服務業)"
      ],
      "補助金額": "資/通訊服務業者：最高補助50%，上限NT$650萬；大專校院：上限$500萬",
      "補助比例上限": "50%",
      "計畫時程": "2025/12/3~2026/1/20",
      "主辦單位": "經濟部商業發展署國家科學及技術委員會",
      "參考資料": [
        {
          "text": "計畫官網",
          "url": "https://aihc.org.tw/"
        },
        {
          "text": "申請須知",
          "url": "https://aihc.org.tw/download/1/"
        }
      ],
      "企業規模": ["中小企業"],
      "金額分類": "中額補助",
      "主辦機關分類": "經濟部"
    },
    {
      "id": "large-enterprise-hr-development",
      "計畫名稱": "大人提(企業人力資源提升計畫)",
      "補助類別": "人才培訓",
      "子分類": "大型企業培訓",
      "補助重點": "協助大型企業建立完整的人力資源發展體系，提升員工職能",
      "補助對象": [
        "受僱勞工參加就業保險之人數在51人以上之法人",
        "不限產業；國內合法登記；無欠稅證明；TTQS認證 (optional)",
        "具備完整訓練規劃"
      ],
      "補助金額": "最高200萬",
      "補助比例上限": "50%~70%；AWS課程屬於政策性課程，可申請70%補助",
      "計畫時程": "第三梯次 4/1~ 9/30；第二梯次 1/2~3/31；第一梯次 12/1~12/31",
      "主辦單位": "勞動部勞動力發展署",
      "參考資料": [
        {
          "text": "AWS 培訓課程",
          "url": "https://pages.awscloud.com/tw-aws-training-paid-course.html"
        },
        {
          "text": "申請須知",
          "url": "https://onjobtraining.wda.gov.tw/Plan/Index/1"
        }
      ],
      "企業規模": ["大型企業"],
      "金額分類": "中額補助",
      "主辦機關分類": "勞動部"
    },
    {
      "id": "small-enterprise-hr-development",
      "計畫名稱": "小人提(小型企業人力提升計畫)",
      "補助類別": "人才培訓",
      "子分類": "小型企業培訓",
      "補助重點": "協助小型企業提升員工職能，建立人才培訓機制",
      "補助對象": [
        "受僱勞工參加就業保險之人數在 50 人以下之法人"
      ],
      "補助金額": "訓練費用100%",
      "補助比例上限": "100%",
      "計畫時程": "2025/12/16~經費用完為止",
      "主辦單位": "勞動部勞動力發展署",
      "參考資料": [
        {
          "text": "AWS 培訓課程",
          "url": "https://pages.awscloud.com/tw-aws-training-paid-course.html"
        },
        {
          "text": "申請須知",
          "url": "https://onjobtraining.wda.gov.tw/Plan/Index/3"
        }
      ],
      "企業規模": ["微型企業"],
      "金額分類": "無上限補助",
      "主辦機關分類": "勞動部"
    },
    {
      "id": "service-digital-transformation-training",
      "計畫名稱": "30人以下服務業數位轉型培力補助",
      "補助類別": "人才培訓",
      "子分類": "數位轉型培訓",
      "補助重點": "協助服務業培訓數位轉型相關人才，提升數位應用能力",
      "補助對象": [
        "稅籍登記符合計畫規定之行業",
        "具備數位轉型需求",
        "受僱勞工參加就業保險之人數在 30 人以下"
      ],
      "補助金額": "每一申請事業最高10萬元",
      "補助比例上限": "10萬元",
      "計畫時程": "2025/1/14 ~12/31(或經費用罄截止)",
      "主辦單位": "經濟部商業發展署",
      "參考資料": [
        {
          "text": "計畫官網",
          "url": "https://www.dtts.org.tw/subsidy/news/news.aspx"
        },
        {
          "text": "AWS 培訓課程",
          "url": "https://www.dtts.org.tw/subsidy/Org/OrgDetail.aspx?keyword=%E9%9B%B2%E8%82%B2%E9%8F%88%E8%82%A1%E4%BB%BD%E6%9C%89%E9%99%90%E5%85%AC%E5%8F%B8"
        },
        {
          "text": "服務業培力懶人包",
          "url": "https://www.dtts.org.tw/subsidy/news/news_ct.aspx?p0=40&pageno=1"
        }
      ],
      "企業規模": ["微型企業", "中小企業"],
      "金額分類": "小額補助",
      "主辦機關分類": "經濟部"
    },
    {
      "id": "manufacturing-digital-transformation-training",
      "計畫名稱": "30人以下製造業數位轉型培力補助",
      "補助類別": "人才培訓",
      "子分類": "數位轉型培訓",
      "補助重點": "協助製造業培訓智慧製造相關人才，推動產業轉型",
      "補助對象": [
        "登記營業項目符合經濟部營業項目分類【製造業】類別",
        "具備智慧製造轉型需求",
        "受僱勞工參加就業保險之人數在 30 人以下"
      ],
      "補助金額": "每一申請事業最高10萬元",
      "補助比例上限": "10萬元",
      "計畫時程": "2025/1/14 ~12/31(或經費用罄截止)",
      "主辦單位": "經濟部中小及新創企業署",
      "參考資料": [
        {
          "text": "計畫官網",
          "url": "https://www.sme.gov.tw/30ai/subsidy/index/index.aspx"
        },
        {
          "text": "AWS 培訓課程",
          "url": "https://www.sme.gov.tw/30ai/subsidy/course/course_detail.aspx?p0=82794020"
        },
        {
          "text": "製造業培力懶人包",
          "url": "https://www.sme.gov.tw/30ai/subsidy/tips/plan_bag.aspx"
        }
      ],
      "企業規模": ["中小企業"],
      "金額分類": "小額補助",
      "主辦機關分類": "經濟部"
    },
    {
      "id": "middle-age-employment-training",
      "計畫名稱": "中高齡(在職中高齡者及高齡者穩定就業訓練補助實施計畫)",
      "補助類別": "人才培訓",
      "子分類": "特定族群",
      "補助重點": "協助中高齡勞工提升職能，促進就業機會",
      "補助對象": [
        "具就保中高齡勞工(45-64歲)或具職災保險逾65歲勞工"
      ],
      "補助金額": "最高30萬元",
      "補助比例上限": "70%",
      "計畫時程": "第三梯次 4/1~ 9/30；第二梯次 1/2~3/31；第一梯次 12/1~12/31",
      "主辦單位": "勞動部勞動力發展署",
      "參考資料": [
        {
          "text": "申請須知",
          "url": "https://onjobtraining.wda.gov.tw/Plan/Index/5"
        },
        {
          "text": "AWS 培訓課程",
          "url": "https://pages.awscloud.com/tw-aws-training-paid-course.html"
        }
      ],
      "企業規模": ["微型企業", "中小企業"],
      "金額分類": "小額補助",
      "主辦機關分類": "勞動部"
    }
  ],
  "categories": {
    "main": [
      {
        "id": "digital-transformation",
        "name": "數位轉型",
        "count": 11,
        "subcategories": [
          { "id": "ai-smart", "name": "AI智慧化", "count": 7 },
          { "id": "service-innovation", "name": "服務業創新", "count": 1 },
          { "id": "traditional-upgrade", "name": "傳統產業升級", "count": 1 },
          { "id": "brand-digital", "name": "品牌數位化", "count": 1 }
        ]
      },
      {
        "id": "innovation-rd",
        "name": "創新研發",
        "count": 15,
        "subcategories": [
          { "id": "startup", "name": "新創企業", "count": 1 },
          { "id": "cloud-service", "name": "雲端服務", "count": 2 },
          { "id": "sme-rd", "name": "中小企業研發", "count": 2 },
          { "id": "industry-upgrade", "name": "產業升級", "count": 1 },
          { "id": "advanced-tech", "name": "前瞻技術", "count": 7 }
        ]
      },
      {
        "id": "talent-training",
        "name": "人才培訓",
        "count": 5,
        "subcategories": [
          { "id": "large-enterprise-training", "name": "大型企業培訓", "count": 1 },
          { "id": "small-enterprise-training", "name": "小型企業培訓", "count": 1 },
          { "id": "digital-transformation-training", "name": "數位轉型培訓", "count": 2 },
          { "id": "special-groups", "name": "特定族群", "count": 1 }
        ]
      }
    ]
  },
  "filters": {
    "companySize": [
      { "id": "all", "name": "不限", "value": "" },
      { "id": "large", "name": "大型企業", "value": "大型企業" },
      { "id": "sme", "name": "中小企業", "value": "中小企業" },
      { "id": "micro", "name": "微型企業", "value": "微型企業" },
      { "id": "startup", "name": "新創企業", "value": "新創企業" }
    ],
    "grantAmount": [
      { "id": "all", "name": "不限", "value": "" },
      { "id": "small", "name": "100萬以下", "value": "小額補助" },
      { "id": "medium", "name": "100-500萬", "value": "中額補助" },
      { "id": "large", "name": "500-1000萬", "value": "大額補助" },
      { "id": "extra-large", "name": "1000萬以上", "value": "超大額補助" },
      { "id": "unlimited", "name": "無上限", "value": "無上限補助" }
    ],
    "agency": [
      { "id": "all", "name": "不限", "value": "" },
      { "id": "moea", "name": "經濟部體系", "value": "經濟部" },
      { "id": "moda", "name": "數位發展部", "value": "數位發展部" },
      { "id": "mol", "name": "勞動部", "value": "勞動部" },
      { "id": "local", "name": "地方政府", "value": "地方政府" }
    ]
  }
}
